{
  "n_speeches": 79,
  "year_range": "1950-2026",
  "dem_speeches": 37,
  "rep_speeches": 42,
  "avg_word_count": 6013.708860759493,
  "classification_results": {
    "Logistic Regression": {
      "mean": 0.7983333333333333,
      "std": 0.09054618220063787
    },
    "Linear SVM": {
      "mean": 0.9241666666666667,
      "std": 0.06108964269370418
    },
    "Random Forest": {
      "mean": 0.8233333333333335,
      "std": 0.05995368582868317
    },
    "Gradient Boosting": {
      "mean": 0.7075,
      "std": 0.08124038404635961
    }
  },
  "topic_labels": [
    "T1: ve, jobs, tonight",
    "T2: inflation, nuclear, foundation",
    "T3: tonight, vietnam, billion",
    "T4: going, ve, thank",
    "T5: administration, programs, policy",
    "T6: iraq, terrorists, terror",
    "T7: defense, strength, soviet",
    "T8: tonight, thank, administration"
  ]
}